workPhone,RelationToChild,Workplace,PersonId
+86 108 114 8674,Female,Mydo,401
+30 293 300 6833,Male,Eare,402
+86 366 880 4212,Male,Avamba,403
+63 497 783 2608,Male,Twitterworks,404
+55 245 804 2385,Female,Snaptags,405
+420 341 811 8050,Female,Fadeo,406
+51 197 527 8584,Male,Zoovu,407
+1 347 404 6272,Male,Skaboo,408
+49 606 777 7288,Male,Skaboo,409
+55 734 900 6475,Male,Voolia,410
+62 884 694 4300,Female,Yodo,411
+420 774 260 5415,Female,Topicware,412
+375 842 131 8301,Female,Zoovu,413
+62 831 219 4596,Female,Dazzlesphere,414
+1 773 861 6434,Male,Twitterbridge,415
+62 860 170 5409,Male,Katz,416
+7 396 203 8639,Bigender,Chatterpoint,417
+86 327 223 6801,Male,Devpoint,418
+86 322 266 2519,Polygender,Mymm,419
+374 105 907 3323,Female,Zoovu,420
+81 578 384 9022,Female,Janyx,421
+86 911 357 8440,Male,Buzzbean,422
+7 535 697 3979,Female,Thoughtbeat,423
+57 968 829 5941,Male,Lazz,424
+27 525 147 6296,Male,Browsetype,425
+7 358 542 4978,Male,Meevee,426
+98 973 308 6604,Genderfluid,Rhybox,427
+86 192 757 4100,Male,Feednation,428
+55 244 932 5690,Female,Twitterbeat,429
+86 520 175 7628,Male,Digitube,430
+86 642 244 2377,Female,Browsetype,431
+86 776 163 5004,Female,Kwimbee,432
+380 459 500 2399,Female,Meevee,433
+86 314 985 1066,Female,Twitterbeat,434
+389 404 678 7560,Female,Meezzy,435
+62 998 188 9609,Female,Tavu,436
+234 219 939 9820,Female,Mymm,437
+351 920 300 8555,Female,Eimbee,438
+86 633 861 1979,Male,Lazzy,439
+86 758 269 4201,Male,Muxo,440
+1 619 966 9529,Female,Trudeo,441
+86 579 958 1318,Male,Babbleopia,442
+81 205 927 6778,Female,Twinte,443
+52 750 270 5007,Female,Abatz,444
+48 118 733 9138,Female,Twitterlist,445
+63 300 949 9990,Female,Quinu,446
+62 723 664 7618,Male,Gabvine,447
+47 485 289 2793,Female,Thoughtbeat,448
+230 779 550 6162,Female,Twitterworks,449
+86 720 778 7747,Male,Wordware,450
+86 791 701 4612,Female,Twitterbridge,451
+375 560 596 1059,Genderfluid,Tagpad,452
+86 359 542 0574,Female,Skivee,453
+63 716 667 9425,Male,Bluejam,454
+1 203 751 5268,Male,Rhyzio,455
+974 476 940 5946,Female,Voonix,456
+66 481 959 2172,Male,Jabbertype,457
+62 737 270 7297,Male,Centidel,458
+63 195 762 3783,Female,Realblab,459
+962 949 634 0242,Male,Feedbug,460
+226 267 713 9995,Male,Meedoo,461
+7 557 614 8294,Female,Tagopia,462
+62 971 236 6462,Male,Devpulse,463
+33 949 348 4755,Male,Devpoint,464
+62 665 167 5755,Female,Twitterbeat,465
+30 653 375 1702,Female,Gabcube,466
+33 543 852 0422,Female,Yodoo,467
+62 421 142 1554,Male,Jayo,468
+46 627 943 9438,Female,Linktype,469
+1 331 119 0691,Polygender,Thoughtworks,470
+51 824 280 4280,Male,Voomm,471
+86 636 408 7998,Female,Thoughtstorm,472
+51 675 650 7853,Male,Skippad,473
+7 300 157 0828,Female,Jabberbean,474
+81 780 612 6345,Genderfluid,Centizu,475
+7 440 891 7033,Female,Bluezoom,476
+20 721 635 1578,Male,Plambee,477
+33 963 620 3064,Male,Tagfeed,478
+62 344 438 5462,Female,Meejo,479
+46 371 130 4306,Female,Gabtype,480
+994 495 429 1065,Male,Roombo,481
+55 627 107 8704,Male,Brainlounge,482
+86 656 268 9249,Agender,Fiveclub,483
+33 826 602 3649,Female,Kimia,484
+86 249 433 9456,Female,Quinu,485
+62 466 409 4453,Female,Ntag,486
+7 757 924 7539,Male,Jetwire,487
+46 528 799 4505,Male,Reallinks,488
+63 668 892 4765,Male,Kwinu,489
+39 736 455 2189,Male,Photospace,490
+1 419 717 9441,Female,Ooba,491
+504 706 364 5813,Male,Thoughtstorm,492
+46 265 322 5756,Polygender,Babbleblab,493
+66 312 628 3021,Female,Wikibox,494
+86 397 253 4421,Female,Tazzy,495
+351 352 435 9939,Female,Cogibox,496
+33 262 628 0038,Male,Quinu,497
+63 457 174 8013,Genderfluid,Innotype,498
+62 797 546 0231,Female,Janyx,499
+86 789 881 4333,Male,Trupe,500
+967 306 950 0090,Female,Gabvine,501
+55 615 161 4864,Genderqueer,Dabtype,502
+57 192 335 6704,Female,Riffpedia,503
+63 379 867 6138,Female,Skaboo,504
+86 389 264 9367,Male,Dabshots,505
+48 335 482 4436,Male,Agimba,506
+86 713 178 1655,Male,Vimbo,507
+370 695 450 6526,Female,Yadel,508
+359 795 592 5113,Female,Mudo,509
+63 120 996 7205,Non-binary,Pixoboo,510
+7 152 193 0238,Female,Myworks,511
+81 803 886 3746,Genderqueer,Feedspan,512
+48 706 456 3354,Male,Snaptags,513
+92 644 472 2666,Male,Tagchat,514
+7 334 546 0827,Female,Youopia,515
+591 863 357 3194,Polygender,Jaxworks,516
+33 407 622 9676,Male,Skidoo,517
+351 376 230 9598,Male,Yodo,518
+33 992 306 2493,Female,Skyble,519
+351 850 608 0385,Male,Fivebridge,520
+86 336 102 8853,Female,Jabbertype,521
+380 939 887 3188,Male,Skinder,522
+507 623 390 3957,Non-binary,Youfeed,523
+351 674 607 8970,Agender,DabZ,524
+994 158 951 0817,Bigender,Avavee,525
+86 209 110 8182,Female,Thoughtmix,526
+81 580 749 1660,Male,Divape,527
+351 449 502 7681,Female,Zazio,528
+81 261 705 4404,Female,Shufflester,529
+386 467 631 0755,Female,Izio,530
+63 491 361 1618,Agender,Dazzlesphere,531
+86 716 534 6732,Male,Meedoo,532
+86 705 638 1346,Female,Eamia,533
+352 245 610 9888,Female,Gabvine,534
+86 608 141 5349,Female,Avamm,535
+63 355 349 7844,Male,Meejo,536
+49 346 751 5882,Female,Trilith,537
+86 640 546 6842,Female,Twinder,538
+33 419 277 3573,Female,Midel,539
+86 731 919 5365,Female,Camido,540
+52 797 284 7942,Male,Trudeo,541
+86 432 750 7264,Male,Eamia,542
+351 589 367 6159,Female,Avaveo,543
+86 592 315 6023,Male,Katz,544
+86 860 340 2909,Male,Agivu,545
+880 953 660 2646,Female,Minyx,546
+66 919 761 8164,Female,Trudoo,547
+1 206 425 7108,Female,Wikivu,548
+86 164 523 2949,Male,Brightbean,549
+86 621 388 5631,Male,Demivee,550
+54 322 658 4766,Male,Tavu,551
+81 331 791 4490,Polygender,Dabfeed,552
+7 661 906 7040,Female,Devshare,553
+212 526 617 0821,Male,Shufflebeat,554
+1 260 921 7798,Male,Minyx,555
+86 152 743 9087,Female,Voomm,556
+66 749 544 8639,Female,Mymm,557
+62 837 618 5872,Female,Oyope,558
+33 586 294 7853,Male,Tagpad,559
+967 880 550 2576,Female,Rhybox,560
+7 781 908 6852,Male,Omba,561
+54 944 834 8737,Non-binary,Topdrive,562
+7 955 895 4369,Genderqueer,Brainlounge,563
+423 553 239 4298,Genderfluid,BlogXS,564
+63 444 868 7179,Bigender,Centizu,565
+86 704 889 4700,Female,Skinder,566
+62 350 783 8090,Male,Rooxo,567
+1 304 439 3151,Polygender,Skyba,568
+55 291 829 8564,Male,BlogXS,569
+30 104 715 5172,Genderfluid,Jabberstorm,570
+55 215 775 8323,Female,Wordware,571
+54 795 921 9150,Female,Skivee,572
+976 596 542 2573,Female,Fivebridge,573
+63 191 753 5569,Male,Eadel,574
+51 862 924 3478,Polygender,Flashdog,575
+66 716 617 1482,Male,Babbleopia,576
+51 541 917 0718,Male,Edgeify,577
+98 246 582 7881,Bigender,Tanoodle,578
+380 437 449 7808,Female,Pixoboo,579
+48 475 929 7783,Male,Zoonder,580
+57 569 717 9908,Female,Yombu,581
+86 894 316 5648,Non-binary,Livetube,582
+51 928 655 4804,Female,Aimbu,583
+351 300 305 4718,Male,Meembee,584
+420 185 911 6208,Male,Avamba,585
+33 311 893 7231,Female,Fiveclub,586
+55 277 120 2953,Female,Muxo,587
+58 205 657 8115,Female,Reallinks,588
+7 489 274 2038,Female,Youtags,589
+54 161 683 6965,Male,Zoomcast,590
+62 905 586 0788,Non-binary,Gigaclub,591
+593 342 712 9925,Female,Gigashots,592
+86 202 626 2384,Female,Jaxnation,593
+86 374 536 8792,Male,Thoughtstorm,594
+63 641 245 2280,Female,Photobug,595
+371 809 533 9953,Female,Yabox,596
+968 118 889 4027,Female,Fivechat,597
+47 200 388 1176,Female,Topiczoom,598
+86 171 980 1060,Agender,Wordify,599
+46 824 256 2613,Female,Kazio,600
+95 760 430 0714,Female,Flipbug,601
+375 431 622 6633,Male,Podcat,602
+62 821 112 8094,Male,Aivee,603
+30 403 662 0699,Male,Yambee,604
+216 569 877 1314,Female,Zoomcast,605
+86 800 636 4208,Female,Avaveo,606
+353 799 969 0397,Male,Trupe,607
+677 698 420 4498,Female,Lazz,608
+60 591 205 6834,Male,Ainyx,609
+1 602 914 9622,Female,Innotype,610
+86 423 577 7106,Male,JumpXS,611
+86 129 646 2962,Female,Edgepulse,612
+86 396 471 5747,Male,Dazzlesphere,613
+62 304 792 2099,Female,Dablist,614
+62 386 808 5932,Female,Lajo,615
+86 159 443 8589,Male,Browsedrive,616
+46 568 981 1578,Female,Flashspan,617
+49 819 257 7721,Female,Digitube,618
+33 697 383 7948,Male,Youopia,619
+48 933 590 2295,Male,Flipstorm,620
+48 166 319 3442,Female,Topicshots,621
+53 538 911 0600,Male,Jazzy,622
+62 845 955 8555,Male,Roodel,623
+44 775 713 8062,Male,Jabberbean,624
+86 409 763 3081,Male,Brainbox,625
+63 421 120 2761,Female,Skimia,626
+7 619 238 7660,Polygender,Edgetag,627
+372 123 624 4144,Male,Zoomlounge,628
+373 334 282 1132,Genderqueer,Babbleset,629
+62 242 599 9389,Male,Flashdog,630
+420 988 683 9065,Female,Realblab,631
+98 859 193 5898,Female,Layo,632
+86 524 963 1508,Male,Meedoo,633
+55 818 472 9933,Male,Trilith,634
+30 443 813 9563,Female,Eare,635
+63 384 381 8375,Female,Leexo,636
+62 602 952 7865,Male,Zazio,637
+62 878 113 6978,Male,Skimia,638
+30 203 247 9358,Female,Dynazzy,639
+63 916 877 1032,Male,Trudoo,640
+7 291 259 3965,Male,Quimm,641
+55 732 167 3128,Female,Vinder,642
+52 287 180 1052,Male,Blogspan,643
+62 630 609 1820,Female,Abatz,644
+55 153 490 2425,Male,Aibox,645
+63 403 858 4985,Female,Wordify,646
+63 345 293 2776,Agender,Yakitri,647
+62 796 897 0453,Female,InnoZ,648
+1 941 457 7419,Male,Fivechat,649
+33 657 209 1162,Male,Roodel,650
+380 867 744 7222,Male,Dabvine,651
+51 955 992 3430,Female,Meevee,652
+86 769 218 2202,Female,Livefish,653
+44 811 363 1802,Female,Aibox,654
+62 555 654 9993,Female,Youtags,655
+46 206 273 2776,Female,Roodel,656
+84 431 770 9206,Female,Quatz,657
+86 781 677 4481,Female,Meevee,658
+63 960 430 8137,Male,Muxo,659
+66 211 429 6281,Male,Livepath,660
+7 424 841 4013,Female,Jatri,661
+98 712 341 8825,Female,Quamba,662
+269 156 678 4002,Female,Skyble,663
+62 183 212 8978,Non-binary,Wikibox,664
+254 970 360 4573,Female,Divape,665
+51 639 893 4086,Male,Shufflebeat,666
+596 194 534 5660,Female,JumpXS,667
+62 362 139 3203,Male,Dabtype,668
+62 715 293 9763,Female,Leenti,669
+93 202 403 5135,Female,Trilia,670
+351 897 319 0365,Female,Mynte,671
+381 699 953 1514,Female,Twimm,672
+62 841 639 7822,Genderqueer,Gevee,673
+86 916 693 4155,Male,Feedfire,674
+86 456 712 6698,Male,Kimia,675
+62 435 484 5856,Genderfluid,Brainbox,676
+63 581 509 1602,Female,Myworks,677
+7 150 731 3520,Male,Yacero,678
+380 842 755 6473,Female,Aimbu,679
+255 920 321 6023,Male,Edgetag,680
+62 612 350 5773,Male,Digitube,681
+249 878 992 9993,Male,Wikido,682
+7 231 762 8718,Female,Yodoo,683
+358 115 675 7262,Male,Kazu,684
+86 262 928 1264,Female,Oyope,685
+86 448 170 7533,Female,Babbleset,686
+51 199 162 6155,Female,Minyx,687
+86 198 978 2780,Male,Twitternation,688
+63 758 660 6609,Male,Browsezoom,689
+48 174 576 4975,Male,Kimia,690
+86 830 416 8589,Female,Innojam,691
+55 245 835 7541,Female,Roomm,692
+55 343 733 8283,Male,Meemm,693
+62 253 291 9924,Bigender,Avaveo,694
+63 759 234 2156,Female,Talane,695
+1 302 616 6085,Male,Layo,696
+372 597 299 4353,Male,Jaxworks,697
+86 449 407 2341,Male,Flipopia,698
+86 329 761 7089,Male,Eamia,699
+62 959 679 6175,Female,Devshare,700
+86 854 384 9850,Male,Kanoodle,701
+590 439 133 4308,Male,Skidoo,702
+33 606 468 4804,Female,Photolist,703
+63 317 903 8808,Male,Chatterpoint,704
+237 870 882 3026,Male,Gevee,705
+1 719 547 4217,Female,Realcube,706
+86 666 430 2501,Genderfluid,Chatterpoint,707
+66 829 934 2466,Female,Izio,708
+1 988 634 9944,Female,Shufflester,709
+1 283 483 1433,Female,Ntag,710
+66 887 299 8309,Male,Vipe,711
+41 677 422 5610,Male,Buzzshare,712
+255 652 507 2087,Male,Realcube,713
+374 563 125 4284,Female,Browsebug,714
+351 690 458 6870,Female,Edgewire,715
+998 642 619 6055,Female,Chatterbridge,716
+62 707 994 9964,Female,Divavu,717
+48 834 142 0156,Female,Yacero,718
+353 842 411 7313,Male,Avavee,719
+86 883 378 9528,Female,Talane,720
+86 234 844 4493,Male,Meejo,721
+48 703 315 7421,Female,Jazzy,722
+33 591 265 0613,Female,Gabvine,723
+33 783 114 7885,Male,Wikizz,724
+48 719 872 1677,Female,Gabcube,725
+234 625 599 2672,Female,Jaxworks,726
+86 442 369 7692,Female,Voonder,727
+7 229 687 0977,Female,Realcube,728
+86 174 802 4547,Male,Oyoba,729
+62 665 836 6212,Male,Riffpath,730
+62 307 835 4763,Female,Tagchat,731
+84 371 639 3830,Female,Zooxo,732
+31 219 273 8576,Male,Pixoboo,733
+48 820 901 2735,Male,Wikivu,734
+62 868 918 7257,Female,Yodel,735
+355 191 935 5088,Female,Voonte,736
+86 509 573 4442,Male,Oodoo,737
+420 797 568 6716,Female,Miboo,738
+84 137 270 6789,Female,Aimbo,739
+86 983 134 8010,Male,Avavee,740
+86 756 736 5334,Bigender,Livetube,741
+223 951 512 7375,Male,Twitterwire,742
+234 838 441 2869,Agender,Dynava,743
+7 694 277 5654,Genderfluid,Wikibox,744
+55 551 118 4635,Female,Agimba,745
+86 395 932 7609,Female,Tekfly,746
+86 915 177 6237,Genderfluid,Innotype,747
+880 464 885 1753,Agender,Minyx,748
+7 598 888 3842,Female,Yakitri,749
+63 552 845 9937,Female,Divanoodle,750
+7 652 179 0302,Female,Bubbletube,751
+81 230 673 3103,Female,Skimia,752
+47 466 782 3997,Female,Oyoloo,753
+55 167 375 0891,Female,Jabberbean,754
+86 687 536 4246,Male,Buzzster,755
+7 808 815 2295,Male,Cogilith,756
+86 981 670 2009,Female,Photobug,757
+46 521 120 6997,Female,Skidoo,758
+86 278 698 6217,Female,Rhyloo,759
+1 399 436 2875,Female,Shufflester,760
+51 576 881 9847,Genderfluid,Blogtags,761
+63 795 877 9294,Male,Feedbug,762
+976 101 720 7663,Male,Plambee,763
+970 380 705 5892,Male,Zoombeat,764
+86 297 312 0496,Female,Trudeo,765
+7 763 229 7251,Genderqueer,Linktype,766
+55 975 398 0679,Polygender,Linklinks,767
+63 711 211 3349,Female,Katz,768
+86 218 158 6532,Female,Pixoboo,769
+351 694 766 4349,Genderqueer,Browsedrive,770
+964 941 350 5441,Female,Tagfeed,771
+86 458 169 9206,Female,Meezzy,772
+222 610 778 1412,Female,Blognation,773
+63 830 619 1431,Male,Mynte,774
+62 222 404 5480,Male,Pixonyx,775
+380 658 437 0782,Female,Twitterworks,776
+63 664 446 3003,Polygender,Brightdog,777
+880 734 260 8200,Male,Yozio,778
+33 355 794 1550,Male,Mynte,779
+56 639 940 3648,Female,Browsetype,780
+62 340 749 2497,Male,Tagpad,781
+55 429 576 6864,Male,Mydeo,782
+81 865 566 5808,Male,Ntags,783
+86 576 671 1318,Female,Browsecat,784
+82 557 467 8613,Female,Einti,785
+86 232 272 0710,Female,Tagchat,786
+62 745 163 2831,Male,Mudo,787
+387 115 929 2070,Female,Kimia,788
+48 615 849 1165,Female,Npath,789
+7 917 345 8208,Bigender,Feednation,790
+57 646 582 1798,Male,Dablist,791
+33 782 352 6053,Male,Topdrive,792
+48 487 749 8417,Male,BlogXS,793
+351 355 334 2378,Female,Einti,794
+351 243 867 9726,Male,Agimba,795
+86 110 214 8138,Female,Vidoo,796
+62 328 439 6203,Female,Zoomdog,797
+63 150 491 8036,Male,Ainyx,798
+420 471 442 5488,Male,Jabbertype,799
+55 261 376 6196,Female,Gigashots,800
